{
	"node_counter": 1.0,
	"notes": [],
	"scroll_offset": {
		"x": -24.6085205078125,
		"y": -57.4482040405273
	},
	"zoom": 0.683013379573822
}